show,episode,season,country,channel,date,link
4 Estrellas,110,1,Espagne,TVE,01-11-2023,episode110-411772-01112023-saison1-4-Estrellas.html
Black Cake,1,1,Etats-Unis,Hulu,01-11-2023,episode01-410147-01112023-saison1-Black-Cake.html
Black Cake,2,1,Etats-Unis,Hulu,01-11-2023,episode02-410148-01112023-saison1-Black-Cake.html
Black Cake,3,1,Etats-Unis,Hulu,01-11-2023,episode03-410149-01112023-saison1-Black-Cake.html
Blanca,5,2,Italie,Rai 1,01-11-2023,episode05-411693-01112023-saison2-Blanca.html
Children Ruin Everything,6,3,Canada,CTV,01-11-2023,episode06-411350-01112023-saison3-Children-Ruin-Everything.html
Chucky,5,3,Etats-Unis,Syfy,01-11-2023,episode05-409118-01112023-saison3-Chucky.html
Cooper's Bar,5,2,Etats-Unis,AMC,01-11-2023,episode05-411065-01112023-saison2-Cooper-s-Bar.html
Demain nous appartient,53,7,France,TF1,01-11-2023,episode53-411593-01112023-saison7-Demain-nous-appartient.html
Hotel Mondial,5,2,Allemagne,ZDF,01-11-2023,episode05-411891-01112023-saison2-Hotel-Mondial.html
Hudson & Rex,5,6,Canada,Citytv,01-11-2023,episode05-411635-01112023-saison6-Hudson--Rex.html
I Leoni di Sicilia,5,1,Etats-Unis,Disney+,01-11-2023,episode05-411338-01112023-saison1-I-Leoni-di-Sicilia.html
I Leoni di Sicilia,6,1,Etats-Unis,Disney+,01-11-2023,episode06-411339-01112023-saison1-I-Leoni-di-Sicilia.html
I Leoni di Sicilia,7,1,Etats-Unis,Disney+,01-11-2023,episode07-411340-01112023-saison1-I-Leoni-di-Sicilia.html
I Leoni di Sicilia,8,1,Etats-Unis,Disney+,01-11-2023,episode08-411341-01112023-saison1-I-Leoni-di-Sicilia.html
Ici tout commence,48,4,France,TF1,01-11-2023,episode48-411578-01112023-saison4-Ici-tout-commence.html
Inspirez expirez,4,1,Canada,CraveTV,01-11-2023,episode04-411698-01112023-saison1-Inspirez-expirez.html
Inspirez expirez,5,1,Canada,CraveTV,01-11-2023,episode05-411699-01112023-saison1-Inspirez-expirez.html
Magnum P.I. (2018),15,5,Etats-Unis,NBC,01-11-2023,episode15-410787-01112023-saison5-Magnum-PI-(2018).html
Quantum Leap (2022),5,2,Etats-Unis,NBC,01-11-2023,episode05-410596-01112023-saison2-Quantum-Leap-(2022).html
Robyn Hood,6,1,Canada,Global,01-11-2023,episode06-411297-01112023-saison1-Robyn-Hood.html
Shetland,1,8,Royaume-Uni,BBC One,01-11-2023,episode01-411316-01112023-saison8-Shetland.html
Sistas,14,6,Etats-Unis,BET,01-11-2023,episode14-411347-01112023-saison6-Sistas.html
SurrealEstate,5,2,Etats-Unis,Syfy,01-11-2023,episode05-410888-01112023-saison2-SurrealEstate.html
The Morning Show,9,3,Etats-Unis,Apple TV+,01-11-2023,episode09-407704-01112023-saison3-The-Morning-Show.html
Un Si Grand Soleil,42,6,France,France 2,01-11-2023,episode42-411607-01112023-saison6-Un-Si-Grand-Soleil.html
Young Dylan,9,4,Etats-Unis,Nickelodeon,01-11-2023,episode09-411284-01112023-saison4-Young-Dylan.html
4 Estrellas,111,1,Espagne,TVE,02-11-2023,episode111-411773-02112023-saison1-4-Estrellas.html
All Creatures Great and Small (2020),5,4,Royaume-Uni,Channel 5,02-11-2023,episode05-411160-02112023-saison4-All-Creatures-Great-and-Small-(2020).html
All the Light We Cannot See,1,1,Etats-Unis,Netflix,02-11-2023,episode01-404459-02112023-saison1-All-the-Light-We-Cannot-See.html
All the Light We Cannot See,2,1,Etats-Unis,Netflix,02-11-2023,episode02-404460-02112023-saison1-All-the-Light-We-Cannot-See.html
All the Light We Cannot See,3,1,Etats-Unis,Netflix,02-11-2023,episode03-404461-02112023-saison1-All-the-Light-We-Cannot-See.html
All the Light We Cannot See,4,1,Etats-Unis,Netflix,02-11-2023,episode04-404462-02112023-saison1-All-the-Light-We-Cannot-See.html
À La Carte,8,2,Etats-Unis,ALLBLK,02-11-2023,episode08-410521-02112023-saison2-A-La-Carte.html
Demain nous appartient,54,7,France,TF1,02-11-2023,episode54-411594-02112023-saison7-Demain-nous-appartient.html
Doom Patrol,11,4,Etats-Unis,HBO Max,02-11-2023,episode11-410008-02112023-saison4-Doom-Patrol.html
Frasier (2023),5,1,Etats-Unis,Paramount+,02-11-2023,episode05-409727-02112023-saison1-Frasier-(2023).html
Gadis Kretek,1,1,Etats-Unis,Netflix,02-11-2023,episode01-409077-02112023-saison1-Gadis-Kretek.html
Gadis Kretek,2,1,Etats-Unis,Netflix,02-11-2023,episode02-411842-02112023-saison1-Gadis-Kretek.html
Gadis Kretek,3,1,Etats-Unis,Netflix,02-11-2023,episode03-411843-02112023-saison1-Gadis-Kretek.html
Gadis Kretek,4,1,Etats-Unis,Netflix,02-11-2023,episode04-411844-02112023-saison1-Gadis-Kretek.html
Gadis Kretek,5,1,Etats-Unis,Netflix,02-11-2023,episode05-411845-02112023-saison1-Gadis-Kretek.html
Ici tout commence,49,4,France,TF1,02-11-2023,episode49-411579-02112023-saison4-Ici-tout-commence.html
Kingdom Business,1,2,Etats-Unis,BET+,02-11-2023,episode01-411099-02112023-saison2-Kingdom-Business.html
La Mesias,5,1,Espagne,Moviestar+,02-11-2023,episode05-410547-02112023-saison1-La-Mesias.html
Loki,5,2,Etats-Unis,Disney+,02-11-2023,episode05-410905-02112023-saison2-Loki.html
LT-21,7,1,France,OCS,02-11-2023,episode07-408968-02112023-saison1-LT-21.html
LT-21,8,1,France,OCS,02-11-2023,episode08-408969-02112023-saison1-LT-21.html
Star Trek: Lower Decks,10,4,Etats-Unis,Paramount+,02-11-2023,episode10-409764-02112023-saison4-Star-Trek-Lower-Decks.html
The Vanishing Triangle,3,1,Etats-Unis,SundanceTV,02-11-2023,episode03-410195-02112023-saison1-The-Vanishing-Triangle.html
Un Si Grand Soleil,43,6,France,France 2,02-11-2023,episode43-411608-02112023-saison6-Un-Si-Grand-Soleil.html
All Rise,18,3,Etats-Unis,OWN,04-11-2023,episode18-411548-04112023-saison3-All-Rise.html
Boomer,10,1,Belgique,Één,04-11-2023,episode10-409831-04112023-saison1-Boomer.html
Billy the Kid,4,2,Etats-Unis,Epix,05-11-2023,episode04-409590-05112023-saison2-Billy-the-Kid.html
Bob's Burgers,5,14,Etats-Unis,Fox,05-11-2023,episode05-411285-05112023-saison14-Bob-s-Burgers.html
Entre Tierras,9,1,Espagne,ATRESplayer,05-11-2023,episode09-410975-05112023-saison1-Entre-Tierras.html
Family Guy,4,22,Etats-Unis,Fox,05-11-2023,episode04-411119-05112023-saison22-Family-Guy.html
Fear the Walking Dead,9,8,Etats-Unis,AMC,05-11-2023,episode09-408756-05112023-saison8-Fear-the-Walking-Dead.html
Heartland (CA),6,17,Canada,CBC,05-11-2023,episode06-411342-05112023-saison17-Heartland-(CA).html
Krapopolis,7,1,Etats-Unis,Fox,05-11-2023,episode07-410711-05112023-saison1-Krapopolis.html
Lawmen: Bass Reeves,1,1,Etats-Unis,Paramount+,05-11-2023,episode01-409976-05112023-saison1-Lawmen-Bass-Reeves.html
Lawmen: Bass Reeves,2,1,Etats-Unis,Paramount+,05-11-2023,episode02-409977-05112023-saison1-Lawmen-Bass-Reeves.html
Les Mystères de l'amour,13,33,France,TMC,05-11-2023,episode13-411298-05112023-saison33-Les-Mysteres-de-l-amour.html
Rick and Morty,4,7,Etats-Unis,Adult Swim,05-11-2023,episode04-411272-05112023-saison7-Rick-and-Morty.html
SkyMed,6,2,Canada,CBC Gem,05-11-2023,episode06-411467-05112023-saison2-SkyMed.html
The Gilded Age,2,2,Etats-Unis,HBO,05-11-2023,episode02-411126-05112023-saison2-The-Gilded-Age.html
The Simpsons,5,35,Etats-Unis,Fox,05-11-2023,episode05-410986-05112023-saison35-The-Simpsons.html
The Winter King,10,1,Royaume-Uni,ITVX,05-11-2023,episode10-409136-05112023-saison1-The-Winter-King.html
Acting Good,4,2,Canada,The Comedy Network,06-11-2023,episode04-411299-06112023-saison2-Acting-Good.html
American Dad!,16,19,Etats-Unis,TBS (US),06-11-2023,episode16-411549-06112023-saison19-American-Dad.html
D'argent et de sang,5,1,France,Canal+,06-11-2023,episode05-411405-06112023-saison1-D-argent-et-de-sang.html
Harry Wild,6,2,Etats-Unis,Acorn TV,06-11-2023,episode06-410204-06112023-saison2-Harry-Wild.html
Murdoch Mysteries,6,17,Canada,Citytv,06-11-2023,episode06-411314-06112023-saison17-Murdoch-Mysteries.html
SOKO Potsdam,7,6,Allemagne,ZDF,06-11-2023,episode07-411468-06112023-saison6-SOKO-Potsdam.html
The Irrational,7,1,Etats-Unis,NBC,06-11-2023,episode07-409866-06112023-saison1-The-Irrational.html
Found,6,1,Etats-Unis,NBC,07-11-2023,episode06-409897-07112023-saison1-Found.html
The Oval,4,5,Etats-Unis,BET,07-11-2023,episode04-411618-07112023-saison5-The-Oval.html
Black Cake,4,1,Etats-Unis,Hulu,08-11-2023,episode04-410150-08112023-saison1-Black-Cake.html
Blanca,6,2,Italie,Rai 1,08-11-2023,episode06-411694-08112023-saison2-Blanca.html
Children Ruin Everything,7,3,Canada,CTV,08-11-2023,episode07-411435-08112023-saison3-Children-Ruin-Everything.html
Chucky,6,3,Etats-Unis,Syfy,08-11-2023,episode06-409119-08112023-saison3-Chucky.html
Cooper's Bar,6,2,Etats-Unis,AMC,08-11-2023,episode06-411066-08112023-saison2-Cooper-s-Bar.html
Culprits,1,1,Etats-Unis,Disney+,08-11-2023,episode01-411644-08112023-saison1-Culprits.html
Culprits,2,1,Etats-Unis,Disney+,08-11-2023,episode02-411645-08112023-saison1-Culprits.html
Culprits,3,1,Etats-Unis,Disney+,08-11-2023,episode03-411646-08112023-saison1-Culprits.html
Culprits,4,1,Etats-Unis,Disney+,08-11-2023,episode04-411647-08112023-saison1-Culprits.html
Culprits,5,1,Etats-Unis,Disney+,08-11-2023,episode05-411648-08112023-saison1-Culprits.html
Culprits,6,1,Etats-Unis,Disney+,08-11-2023,episode06-411649-08112023-saison1-Culprits.html
Culprits,7,1,Etats-Unis,Disney+,08-11-2023,episode07-411650-08112023-saison1-Culprits.html
Culprits,8,1,Etats-Unis,Disney+,08-11-2023,episode08-411651-08112023-saison1-Culprits.html
Hotel Mondial,6,2,Allemagne,ZDF,08-11-2023,episode06-411892-08112023-saison2-Hotel-Mondial.html
Hudson & Rex,6,6,Canada,Citytv,08-11-2023,episode06-411637-08112023-saison6-Hudson--Rex.html
Inspirez expirez,6,1,Canada,CraveTV,08-11-2023,episode06-411700-08112023-saison1-Inspirez-expirez.html
Inspirez expirez,7,1,Canada,CraveTV,08-11-2023,episode07-411701-08112023-saison1-Inspirez-expirez.html
Robyn Hood,7,1,Canada,Global,08-11-2023,episode07-411619-08112023-saison1-Robyn-Hood.html
Shetland,2,8,Royaume-Uni,BBC One,08-11-2023,episode02-411317-08112023-saison8-Shetland.html
Sistas,15,6,Etats-Unis,BET,08-11-2023,episode15-411638-08112023-saison6-Sistas.html
SurrealEstate,6,2,Etats-Unis,Syfy,08-11-2023,episode06-410889-08112023-saison2-SurrealEstate.html
The Buccaneers (2023),1,1,Etats-Unis,Apple TV+,08-11-2023,episode01-409067-08112023-saison1-The-Buccaneers-(2023).html
The Buccaneers (2023),2,1,Etats-Unis,Apple TV+,08-11-2023,episode02-409068-08112023-saison1-The-Buccaneers-(2023).html
The Buccaneers (2023),3,1,Etats-Unis,Apple TV+,08-11-2023,episode03-409069-08112023-saison1-The-Buccaneers-(2023).html
The Morning Show,10,3,Etats-Unis,Apple TV+,08-11-2023,episode10-407705-08112023-saison3-The-Morning-Show.html
The Santa Clauses,1,2,Etats-Unis,Disney+,08-11-2023,episode01-410598-08112023-saison2-The-Santa-Clauses.html
The Santa Clauses,2,2,Etats-Unis,Disney+,08-11-2023,episode02-410599-08112023-saison2-The-Santa-Clauses.html
Vigilante,1,1,Etats-Unis,Disney+,08-11-2023,episode01-411684-08112023-saison1-Vigilante.html
Young Dylan,10,4,Etats-Unis,Nickelodeon,08-11-2023,episode10-411482-08112023-saison4-Young-Dylan.html
All Creatures Great and Small (2020),6,4,Royaume-Uni,Channel 5,09-11-2023,episode06-411519-09112023-saison4-All-Creatures-Great-and-Small-(2020).html
À La Carte,9,2,Etats-Unis,ALLBLK,09-11-2023,episode09-410522-09112023-saison2-A-La-Carte.html
BlackBerry,1,1,Canada,CBC,09-11-2023,episode01-411705-09112023-saison1-BlackBerry.html
Bros,1,1,Etats-Unis,Netflix,09-11-2023,episode01-411565-09112023-saison1-Bros.html
Doom Patrol,12,4,Etats-Unis,HBO Max,09-11-2023,episode12-410009-09112023-saison4-Doom-Patrol.html
Frasier (2023),6,1,Etats-Unis,Paramount+,09-11-2023,episode06-409728-09112023-saison1-Frasier-(2023).html
Kingdom Business,2,2,Etats-Unis,BET+,09-11-2023,episode02-411745-09112023-saison2-Kingdom-Business.html
La Mesias,6,1,Espagne,Moviestar+,09-11-2023,episode06-410548-09112023-saison1-La-Mesias.html
Loki,6,2,Etats-Unis,Disney+,09-11-2023,episode06-410906-09112023-saison2-Loki.html
Master Crimes,1,1,France,TF1,09-11-2023,episode01-411527-09112023-saison1-Master-Crimes.html
Master Crimes,2,1,France,TF1,09-11-2023,episode02-411528-09112023-saison1-Master-Crimes.html
Rap Sh!t,1,2,Etats-Unis,HBO Max,09-11-2023,episode01-408167-09112023-saison2-Rap-Sht.html
Rap Sh!t,2,2,Etats-Unis,HBO Max,09-11-2023,episode02-408168-09112023-saison2-Rap-Sht.html
The Vanishing Triangle,4,1,Etats-Unis,SundanceTV,09-11-2023,episode04-410196-09112023-saison1-The-Vanishing-Triangle.html
At the Moment (Ci Shi Ci Ke),1,1,Etats-Unis,Netflix,10-11-2023,episode01-411674-10112023-saison1-At-the-Moment-(Ci-Shi-Ci-Ke).html
At the Moment (Ci Shi Ci Ke),2,1,Etats-Unis,Netflix,10-11-2023,episode02-411675-10112023-saison1-At-the-Moment-(Ci-Shi-Ci-Ke).html
At the Moment (Ci Shi Ci Ke),3,1,Etats-Unis,Netflix,10-11-2023,episode03-411676-10112023-saison1-At-the-Moment-(Ci-Shi-Ci-Ke).html
At the Moment (Ci Shi Ci Ke),4,1,Etats-Unis,Netflix,10-11-2023,episode04-411677-10112023-saison1-At-the-Moment-(Ci-Shi-Ci-Ke).html
At the Moment (Ci Shi Ci Ke),5,1,Etats-Unis,Netflix,10-11-2023,episode05-411678-10112023-saison1-At-the-Moment-(Ci-Shi-Ci-Ke).html
At the Moment (Ci Shi Ci Ke),6,1,Etats-Unis,Netflix,10-11-2023,episode06-411679-10112023-saison1-At-the-Moment-(Ci-Shi-Ci-Ke).html
At the Moment (Ci Shi Ci Ke),7,1,Etats-Unis,Netflix,10-11-2023,episode07-411680-10112023-saison1-At-the-Moment-(Ci-Shi-Ci-Ke).html
At the Moment (Ci Shi Ci Ke),8,1,Etats-Unis,Netflix,10-11-2023,episode08-411681-10112023-saison1-At-the-Moment-(Ci-Shi-Ci-Ke).html
At the Moment (Ci Shi Ci Ke),9,1,Etats-Unis,Netflix,10-11-2023,episode09-411682-10112023-saison1-At-the-Moment-(Ci-Shi-Ci-Ke).html
At the Moment (Ci Shi Ci Ke),10,1,Etats-Unis,Netflix,10-11-2023,episode10-411683-10112023-saison1-At-the-Moment-(Ci-Shi-Ci-Ke).html
Bosch: Legacy,9,2,Etats-Unis,Amazon Freevee,10-11-2023,episode09-409715-10112023-saison2-Bosch-Legacy.html
Bosch: Legacy,10,2,Etats-Unis,Amazon Freevee,10-11-2023,episode10-409716-10112023-saison2-Bosch-Legacy.html
Fellow Travelers,3,1,Etats-Unis,Showtime,10-11-2023,episode03-411068-10112023-saison1-Fellow-Travelers.html
For All Mankind,1,4,Etats-Unis,Apple TV+,10-11-2023,episode01-410205-10112023-saison4-For-All-Mankind.html
Goosebumps (2023),9,1,Etats-Unis,Disney+,10-11-2023,episode09-409986-10112023-saison1-Goosebumps-(2023).html
Invincible,2,2,Etats-Unis,Prime Video,10-11-2023,episode02-411873-10112023-saison2-Invincible.html
Lessons In Chemistry,6,1,Etats-Unis,Apple TV+,10-11-2023,episode06-406602-10112023-saison1-Lessons-In-Chemistry.html
NCIS: Sydney,1,1,Etats-Unis,Paramount+,10-11-2023,episode01-410215-10112023-saison1-NCIS-Sydney.html
Power Book IV: Force,10,2,Etats-Unis,Starz,10-11-2023,episode10-411348-10112023-saison2-Power-Book-IV-Force.html
Shining Vale,5,2,Etats-Unis,Starz,10-11-2023,episode05-411127-10112023-saison2-Shining-Vale.html
SOKO Leipzig,12,24,Allemagne,ZDF,10-11-2023,episode12-411900-10112023-saison24-SOKO-Leipzig.html
Solsidan,8,8,Suède,TV4,10-11-2023,episode08-411758-10112023-saison8-Solsidan.html
The Curse (2023),1,1,Etats-Unis,Showtime on Demand,10-11-2023,episode01-410727-10112023-saison1-The-Curse-(2023).html
The Good Ship Murder,5,1,Royaume-Uni,Channel 5,10-11-2023,episode05-411246-10112023-saison1-The-Good-Ship-Murder.html
Transplant,6,4,Canada,CTV,10-11-2023,episode06-409842-10112023-saison4-Transplant.html
Upload,7,3,Etats-Unis,Prime Video,10-11-2023,episode07-410016-10112023-saison3-Upload.html
Upload,8,3,Etats-Unis,Prime Video,10-11-2023,episode08-410017-10112023-saison3-Upload.html
All Rise,19,3,Etats-Unis,OWN,11-11-2023,episode19-411550-11112023-saison3-All-Rise.html
Beacon 23,1,1,Etats-Unis,Epix,12-11-2023,episode01-410617-12112023-saison1-Beacon-23.html
Bob's Burgers,6,14,Etats-Unis,Fox,12-11-2023,episode06-411551-12112023-saison14-Bob-s-Burgers.html
Entre Tierras,10,1,Espagne,ATRESplayer,12-11-2023,episode10-410976-12112023-saison1-Entre-Tierras.html
Family Guy,5,22,Etats-Unis,Fox,12-11-2023,episode05-411552-12112023-saison22-Family-Guy.html
Fear the Walking Dead,10,8,Etats-Unis,AMC,12-11-2023,episode10-408757-12112023-saison8-Fear-the-Walking-Dead.html
Heartland (CA),7,17,Canada,CBC,12-11-2023,episode07-411620-12112023-saison17-Heartland-(CA).html
Krapopolis,8,1,Etats-Unis,Fox,12-11-2023,episode08-410873-12112023-saison1-Krapopolis.html
Les Mystères de l'amour,14,33,France,TMC,12-11-2023,episode14-411488-12112023-saison33-Les-Mysteres-de-l-amour.html
Rick and Morty,5,7,Etats-Unis,Adult Swim,12-11-2023,episode05-411273-12112023-saison7-Rick-and-Morty.html
SkyMed,7,2,Canada,CBC Gem,12-11-2023,episode07-411756-12112023-saison2-SkyMed.html
The Gilded Age,3,2,Etats-Unis,HBO,12-11-2023,episode03-411128-12112023-saison2-The-Gilded-Age.html
The Simpsons,6,35,Etats-Unis,Fox,12-11-2023,episode06-411615-12112023-saison35-The-Simpsons.html
Acting Good,5,2,Canada,The Comedy Network,13-11-2023,episode05-411300-13112023-saison2-Acting-Good.html
American Dad!,17,19,Etats-Unis,TBS (US),13-11-2023,episode17-411621-13112023-saison19-American-Dad.html
Andy and the Band,1,3,Royaume-Uni,BBC iPlayer,13-11-2023,episode01-411499-13112023-saison3-Andy-and-the-Band.html
Andy and the Band,2,3,Royaume-Uni,BBC iPlayer,13-11-2023,episode02-411500-13112023-saison3-Andy-and-the-Band.html
Andy and the Band,3,3,Royaume-Uni,BBC iPlayer,13-11-2023,episode03-411501-13112023-saison3-Andy-and-the-Band.html
Andy and the Band,4,3,Royaume-Uni,BBC iPlayer,13-11-2023,episode04-411502-13112023-saison3-Andy-and-the-Band.html
Andy and the Band,5,3,Royaume-Uni,BBC iPlayer,13-11-2023,episode05-411503-13112023-saison3-Andy-and-the-Band.html
Andy and the Band,6,3,Royaume-Uni,BBC iPlayer,13-11-2023,episode06-411504-13112023-saison3-Andy-and-the-Band.html
Andy and the Band,7,3,Royaume-Uni,BBC iPlayer,13-11-2023,episode07-411505-13112023-saison3-Andy-and-the-Band.html
Andy and the Band,8,3,Royaume-Uni,BBC iPlayer,13-11-2023,episode08-411506-13112023-saison3-Andy-and-the-Band.html
Andy and the Band,9,3,Royaume-Uni,BBC iPlayer,13-11-2023,episode09-411507-13112023-saison3-Andy-and-the-Band.html
Andy and the Band,10,3,Royaume-Uni,BBC iPlayer,13-11-2023,episode10-411508-13112023-saison3-Andy-and-the-Band.html
Andy and the Band,11,3,Royaume-Uni,BBC iPlayer,13-11-2023,episode11-411509-13112023-saison3-Andy-and-the-Band.html
Andy and the Band,12,3,Royaume-Uni,BBC iPlayer,13-11-2023,episode12-411510-13112023-saison3-Andy-and-the-Band.html
Andy and the Band,13,3,Royaume-Uni,BBC iPlayer,13-11-2023,episode13-411511-13112023-saison3-Andy-and-the-Band.html
Andy and the Band,14,3,Royaume-Uni,BBC iPlayer,13-11-2023,episode14-411512-13112023-saison3-Andy-and-the-Band.html
Andy and the Band,15,3,Royaume-Uni,BBC iPlayer,13-11-2023,episode15-411513-13112023-saison3-Andy-and-the-Band.html
Andy and the Band,16,3,Royaume-Uni,BBC iPlayer,13-11-2023,episode16-411514-13112023-saison3-Andy-and-the-Band.html
Andy and the Band,17,3,Royaume-Uni,BBC iPlayer,13-11-2023,episode17-411515-13112023-saison3-Andy-and-the-Band.html
Andy and the Band,18,3,Royaume-Uni,BBC iPlayer,13-11-2023,episode18-411516-13112023-saison3-Andy-and-the-Band.html
Andy and the Band,19,3,Royaume-Uni,BBC iPlayer,13-11-2023,episode19-411517-13112023-saison3-Andy-and-the-Band.html
Andy and the Band,20,3,Royaume-Uni,BBC iPlayer,13-11-2023,episode20-411518-13112023-saison3-Andy-and-the-Band.html
D'argent et de sang,6,1,France,Canal+,13-11-2023,episode06-411406-13112023-saison1-D-argent-et-de-sang.html
Murdoch Mysteries,7,17,Canada,Citytv,13-11-2023,episode07-411520-13112023-saison17-Murdoch-Mysteries.html
SOKO Potsdam,8,6,Allemagne,ZDF,13-11-2023,episode08-411469-13112023-saison6-SOKO-Potsdam.html
The Irrational,8,1,Etats-Unis,NBC,13-11-2023,episode08-409867-13112023-saison1-The-Irrational.html
A Murder at the End of the World,1,1,Etats-Unis,Hulu,14-11-2023,episode01-407977-14112023-saison1-A-Murder-at-the-End-of-the-World.html
A Murder at the End of the World,2,1,Etats-Unis,Hulu,14-11-2023,episode02-407978-14112023-saison1-A-Murder-at-the-End-of-the-World.html
DNA do Crime,1,1,Etats-Unis,Netflix,14-11-2023,episode01-411653-14112023-saison1-DNA-do-Crime.html
Found,7,1,Etats-Unis,NBC,14-11-2023,episode07-409898-14112023-saison1-Found.html
Suburræterna,1,1,Etats-Unis,Netflix,14-11-2023,episode01-410618-14112023-saison1-Suburraeterna.html
Black Cake,5,1,Etats-Unis,Hulu,15-11-2023,episode05-410151-15112023-saison1-Black-Cake.html
Chucky,7,3,Etats-Unis,Syfy,15-11-2023,episode07-409120-15112023-saison3-Chucky.html
Deutsches Haus,1,1,Etats-Unis,Disney+,15-11-2023,episode01-409989-15112023-saison1-Deutsches-Haus.html
Hotel Mondial,7,2,Allemagne,ZDF,15-11-2023,episode07-411893-15112023-saison2-Hotel-Mondial.html
Informacja zwrotna,1,1,Etats-Unis,Netflix,15-11-2023,episode01-411685-15112023-saison1-Informacja-zwrotna.html
Inspirez expirez,8,1,Canada,CraveTV,15-11-2023,episode08-411702-15112023-saison1-Inspirez-expirez.html
Inspirez expirez,9,1,Canada,CraveTV,15-11-2023,episode09-411703-15112023-saison1-Inspirez-expirez.html
Inspirez expirez,10,1,Canada,CraveTV,15-11-2023,episode10-411704-15112023-saison1-Inspirez-expirez.html
Magnum P.I. (2018),16,5,Etats-Unis,NBC,15-11-2023,episode16-410796-15112023-saison5-Magnum-PI-(2018).html
Quantum Leap (2022),6,2,Etats-Unis,NBC,15-11-2023,episode06-410801-15112023-saison2-Quantum-Leap-(2022).html
Robyn Hood,8,1,Canada,Global,15-11-2023,episode08-411855-15112023-saison1-Robyn-Hood.html
Sahsiyet,1,2,Turquie,Puhu TV,15-11-2023,episode01-411854-15112023-saison2-Sahsiyet.html
Shetland,3,8,Royaume-Uni,BBC One,15-11-2023,episode03-411755-15112023-saison8-Shetland.html
SurrealEstate,7,2,Etats-Unis,Syfy,15-11-2023,episode07-410934-15112023-saison2-SurrealEstate.html
The Buccaneers (2023),4,1,Etats-Unis,Apple TV+,15-11-2023,episode04-409070-15112023-saison1-The-Buccaneers-(2023).html
The Lazarus Project,1,2,Royaume-Uni,Sky1,15-11-2023,episode01-411498-15112023-saison2-The-Lazarus-Project.html
The Santa Clauses,3,2,Etats-Unis,Disney+,15-11-2023,episode03-410600-15112023-saison2-The-Santa-Clauses.html
Tout va bien,1,1,Etats-Unis,Disney+,15-11-2023,episode01-411564-15112023-saison1-Tout-va-bien.html
Tout va bien,2,1,Etats-Unis,Disney+,15-11-2023,episode02-411846-15112023-saison1-Tout-va-bien.html
Tout va bien,3,1,Etats-Unis,Disney+,15-11-2023,episode03-411847-15112023-saison1-Tout-va-bien.html
Tout va bien,4,1,Etats-Unis,Disney+,15-11-2023,episode04-411848-15112023-saison1-Tout-va-bien.html
Tout va bien,5,1,Etats-Unis,Disney+,15-11-2023,episode05-411849-15112023-saison1-Tout-va-bien.html
Tout va bien,6,1,Etats-Unis,Disney+,15-11-2023,episode06-411850-15112023-saison1-Tout-va-bien.html
Tout va bien,7,1,Etats-Unis,Disney+,15-11-2023,episode07-411851-15112023-saison1-Tout-va-bien.html
Tout va bien,8,1,Etats-Unis,Disney+,15-11-2023,episode08-411852-15112023-saison1-Tout-va-bien.html
Young Dylan,11,4,Etats-Unis,Nickelodeon,15-11-2023,episode11-411765-15112023-saison4-Young-Dylan.html
Anderson Spider Silva,1,1,Etats-Unis,Paramount+,16-11-2023,episode01-411535-16112023-saison1-Anderson-Spider-Silva.html
Anderson Spider Silva,2,1,Etats-Unis,Paramount+,16-11-2023,episode02-411536-16112023-saison1-Anderson-Spider-Silva.html
Anderson Spider Silva,3,1,Etats-Unis,Paramount+,16-11-2023,episode03-411537-16112023-saison1-Anderson-Spider-Silva.html
Anderson Spider Silva,4,1,Etats-Unis,Paramount+,16-11-2023,episode04-411538-16112023-saison1-Anderson-Spider-Silva.html
À La Carte,10,2,Etats-Unis,ALLBLK,16-11-2023,episode10-410523-16112023-saison2-A-La-Carte.html
BlackBerry,2,1,Canada,CBC,16-11-2023,episode02-411706-16112023-saison1-BlackBerry.html
Frasier (2023),7,1,Etats-Unis,Paramount+,16-11-2023,episode07-409729-16112023-saison1-Frasier-(2023).html
Julia (2022),1,2,Etats-Unis,HBO Max,16-11-2023,episode01-410536-16112023-saison2-Julia-(2022).html
Julia (2022),2,2,Etats-Unis,HBO Max,16-11-2023,episode02-410537-16112023-saison2-Julia-(2022).html
Julia (2022),3,2,Etats-Unis,HBO Max,16-11-2023,episode03-410538-16112023-saison2-Julia-(2022).html
Kingdom Business,3,2,Etats-Unis,BET+,16-11-2023,episode03-411746-16112023-saison2-Kingdom-Business.html
La Mesias,7,1,Espagne,Moviestar+,16-11-2023,episode07-410549-16112023-saison1-La-Mesias.html
Le Voyageur,5,2,France,France 3,16-11-2023,episode05-411861-16112023-saison2-Le-Voyageur.html
Master Crimes,3,1,France,TF1,16-11-2023,episode03-411529-16112023-saison1-Master-Crimes.html
Master Crimes,4,1,France,TF1,16-11-2023,episode04-411530-16112023-saison1-Master-Crimes.html
Rap Sh!t,3,2,Etats-Unis,HBO Max,16-11-2023,episode03-408169-16112023-saison2-Rap-Sht.html
Terror Lake Drive,1,3,Etats-Unis,ALLBLK,16-11-2023,episode01-411761-16112023-saison3-Terror-Lake-Drive.html
The Crown,1,6,Etats-Unis,Netflix,16-11-2023,episode01-411001-16112023-saison6-The-Crown.html
The Vanishing Triangle,5,1,Etats-Unis,SundanceTV,16-11-2023,episode05-410197-16112023-saison1-The-Vanishing-Triangle.html
Un professore,1,2,Italie,Rai 1,16-11-2023,episode01-411117-16112023-saison2-Un-professore.html
Fellow Travelers,4,1,Etats-Unis,Showtime,17-11-2023,episode04-411452-17112023-saison1-Fellow-Travelers.html
For All Mankind,2,4,Etats-Unis,Apple TV+,17-11-2023,episode02-410206-17112023-saison4-For-All-Mankind.html
Goosebumps (2023),10,1,Etats-Unis,Disney+,17-11-2023,episode10-409987-17112023-saison1-Goosebumps-(2023).html
Heartbeats,1,2,Suède,TV4,17-11-2023,episode01-411724-17112023-saison2-Heartbeats.html
Invincible,3,2,Etats-Unis,Prime Video,17-11-2023,episode03-411874-17112023-saison2-Invincible.html
Lessons In Chemistry,7,1,Etats-Unis,Apple TV+,17-11-2023,episode07-406603-17112023-saison1-Lessons-In-Chemistry.html
Monarch: Legacy of Monsters,1,1,Etats-Unis,Apple TV+,17-11-2023,episode01-409991-17112023-saison1-Monarch-Legacy-of-Monsters.html
Monarch: Legacy of Monsters,2,1,Etats-Unis,Apple TV+,17-11-2023,episode02-409992-17112023-saison1-Monarch-Legacy-of-Monsters.html
NCIS: Sydney,2,1,Etats-Unis,Paramount+,17-11-2023,episode02-410216-17112023-saison1-NCIS-Sydney.html
Ojitos de huevo,1,1,Etats-Unis,Netflix,17-11-2023,episode01-411563-17112023-saison1-Ojitos-de-huevo.html
Sagrada familia,1,2,Etats-Unis,Netflix,17-11-2023,episode01-411642-17112023-saison2-Sagrada-familia.html
Shining Vale,6,2,Etats-Unis,Starz,17-11-2023,episode06-411129-17112023-saison2-Shining-Vale.html
SOKO Leipzig,13,24,Allemagne,ZDF,17-11-2023,episode13-411901-17112023-saison24-SOKO-Leipzig.html
Solsidan,9,8,Suède,TV4,17-11-2023,episode09-411759-17112023-saison8-Solsidan.html
Sort Of,1,3,Canada,CBC Gem,17-11-2023,episode01-410155-17112023-saison3-Sort-Of.html
The Curse (2023),2,1,Etats-Unis,Showtime on Demand,17-11-2023,episode02-411762-17112023-saison1-The-Curse-(2023).html
The Good Ship Murder,6,1,Royaume-Uni,Channel 5,17-11-2023,episode06-411247-17112023-saison1-The-Good-Ship-Murder.html
Transplant,7,4,Canada,CTV,17-11-2023,episode07-409843-17112023-saison4-Transplant.html
All Rise,20,3,Etats-Unis,OWN,18-11-2023,episode20-411553-18112023-saison3-All-Rise.html
Beacon 23,2,1,Etats-Unis,Epix,19-11-2023,episode02-411639-19112023-saison1-Beacon-23.html
Fear the Walking Dead,11,8,Etats-Unis,AMC,19-11-2023,episode11-408758-19112023-saison8-Fear-the-Walking-Dead.html
Fear the Walking Dead,12,8,Etats-Unis,AMC,19-11-2023,episode12-408759-19112023-saison8-Fear-the-Walking-Dead.html
Heartland (CA),8,17,Canada,CBC,19-11-2023,episode08-411743-19112023-saison17-Heartland-(CA).html
Krapopolis,9,1,Etats-Unis,Fox,19-11-2023,episode09-411002-19112023-saison1-Krapopolis.html
Les Mystères de l'amour,15,33,France,TMC,19-11-2023,episode15-411792-19112023-saison33-Les-Mysteres-de-l-amour.html
Rick and Morty,6,7,Etats-Unis,Adult Swim,19-11-2023,episode06-411274-19112023-saison7-Rick-and-Morty.html
The Gilded Age,4,2,Etats-Unis,HBO,19-11-2023,episode04-411130-19112023-saison2-The-Gilded-Age.html
Acting Good,6,2,Canada,The Comedy Network,20-11-2023,episode06-411301-20112023-saison2-Acting-Good.html
American Dad!,18,19,Etats-Unis,TBS (US),20-11-2023,episode18-411622-20112023-saison19-American-Dad.html
Murdoch Mysteries,8,17,Canada,Citytv,20-11-2023,episode08-411554-20112023-saison17-Murdoch-Mysteries.html
Spellbound,14,1,Etats-Unis,Hulu,20-11-2023,episode14-410565-20112023-saison1-Spellbound.html
Spellbound,15,1,Etats-Unis,Hulu,20-11-2023,episode15-410566-20112023-saison1-Spellbound.html
Spellbound,16,1,Etats-Unis,Hulu,20-11-2023,episode16-410567-20112023-saison1-Spellbound.html
Spellbound,17,1,Etats-Unis,Hulu,20-11-2023,episode17-410568-20112023-saison1-Spellbound.html
Spellbound,18,1,Etats-Unis,Hulu,20-11-2023,episode18-410569-20112023-saison1-Spellbound.html
Spellbound,19,1,Etats-Unis,Hulu,20-11-2023,episode19-410570-20112023-saison1-Spellbound.html
Spellbound,20,1,Etats-Unis,Hulu,20-11-2023,episode20-410571-20112023-saison1-Spellbound.html
Spellbound,21,1,Etats-Unis,Hulu,20-11-2023,episode21-410572-20112023-saison1-Spellbound.html
Spellbound,22,1,Etats-Unis,Hulu,20-11-2023,episode22-410573-20112023-saison1-Spellbound.html
Spellbound,23,1,Etats-Unis,Hulu,20-11-2023,episode23-410574-20112023-saison1-Spellbound.html
Spellbound,24,1,Etats-Unis,Hulu,20-11-2023,episode24-410575-20112023-saison1-Spellbound.html
Spellbound,25,1,Etats-Unis,Hulu,20-11-2023,episode25-410576-20112023-saison1-Spellbound.html
Spellbound,26,1,Etats-Unis,Hulu,20-11-2023,episode26-410577-20112023-saison1-Spellbound.html
The Irrational,9,1,Etats-Unis,NBC,20-11-2023,episode09-409868-20112023-saison1-The-Irrational.html
A Murder at the End of the World,3,1,Etats-Unis,Hulu,21-11-2023,episode03-407979-21112023-saison1-A-Murder-at-the-End-of-the-World.html
Fargo,1,5,Etats-Unis,FX,21-11-2023,episode01-409056-21112023-saison5-Fargo.html
Fargo,2,5,Etats-Unis,FX,21-11-2023,episode02-411343-21112023-saison5-Fargo.html
Found,8,1,Etats-Unis,NBC,21-11-2023,episode08-409899-21112023-saison1-Found.html
Black Cake,6,1,Etats-Unis,Hulu,22-11-2023,episode06-410152-22112023-saison1-Black-Cake.html
Chucky,8,3,Etats-Unis,Syfy,22-11-2023,episode08-409121-22112023-saison3-Chucky.html
Magnum P.I. (2018),17,5,Etats-Unis,NBC,22-11-2023,episode17-410797-22112023-saison5-Magnum-PI-(2018).html
Magnum P.I. (2018),18,5,Etats-Unis,NBC,22-11-2023,episode18-410798-22112023-saison5-Magnum-PI-(2018).html
SurrealEstate,8,2,Etats-Unis,Syfy,22-11-2023,episode08-411102-22112023-saison2-SurrealEstate.html
The Buccaneers (2023),5,1,Etats-Unis,Apple TV+,22-11-2023,episode05-409071-22112023-saison1-The-Buccaneers-(2023).html
The Santa Clauses,4,2,Etats-Unis,Disney+,22-11-2023,episode04-410601-22112023-saison2-The-Santa-Clauses.html
BlackBerry,3,1,Canada,CBC,23-11-2023,episode03-411707-23112023-saison1-BlackBerry.html
Frasier (2023),8,1,Etats-Unis,Paramount+,23-11-2023,episode08-409730-23112023-saison1-Frasier-(2023).html
Julia (2022),4,2,Etats-Unis,HBO Max,23-11-2023,episode04-410539-23112023-saison2-Julia-(2022).html
Kingdom Business,4,2,Etats-Unis,BET+,23-11-2023,episode04-411747-23112023-saison2-Kingdom-Business.html
Master Crimes,5,1,France,TF1,23-11-2023,episode05-411531-23112023-saison1-Master-Crimes.html
Master Crimes,6,1,France,TF1,23-11-2023,episode06-411532-23112023-saison1-Master-Crimes.html
Rap Sh!t,4,2,Etats-Unis,HBO Max,23-11-2023,episode04-408170-23112023-saison2-Rap-Sht.html
The Vanishing Triangle,6,1,Etats-Unis,SundanceTV,23-11-2023,episode06-410198-23112023-saison1-The-Vanishing-Triangle.html
En helt vanlig familj,1,1,Etats-Unis,Netflix,24-11-2023,episode01-411652-24112023-saison1-En-helt-vanlig-familj.html
Fellow Travelers,5,1,Etats-Unis,Showtime,24-11-2023,episode05-411453-24112023-saison1-Fellow-Travelers.html
For All Mankind,3,4,Etats-Unis,Apple TV+,24-11-2023,episode03-410207-24112023-saison4-For-All-Mankind.html
Invincible,4,2,Etats-Unis,Prime Video,24-11-2023,episode04-411875-24112023-saison2-Invincible.html
Lessons In Chemistry,8,1,Etats-Unis,Apple TV+,24-11-2023,episode08-406604-24112023-saison1-Lessons-In-Chemistry.html
Monarch: Legacy of Monsters,3,1,Etats-Unis,Apple TV+,24-11-2023,episode03-409993-24112023-saison1-Monarch-Legacy-of-Monsters.html
My Demon,1,1,Etats-Unis,Netflix,24-11-2023,episode01-411686-24112023-saison1-My-Demon.html
NCIS: Sydney,3,1,Etats-Unis,Paramount+,24-11-2023,episode03-410217-24112023-saison1-NCIS-Sydney.html
Shining Vale,7,2,Etats-Unis,Starz,24-11-2023,episode07-411162-24112023-saison2-Shining-Vale.html
Solsidan,10,8,Suède,TV4,24-11-2023,episode10-411760-24112023-saison8-Solsidan.html
The Curse (2023),3,1,Etats-Unis,Showtime on Demand,24-11-2023,episode03-411763-24112023-saison1-The-Curse-(2023).html
The Good Ship Murder,7,1,Royaume-Uni,Channel 5,24-11-2023,episode07-411248-24112023-saison1-The-Good-Ship-Murder.html
Transplant,8,4,Canada,CTV,24-11-2023,episode08-411161-24112023-saison4-Transplant.html
Doctor Who (2005),-1,14,Royaume-Uni,BBC One,25-11-2023,episode-411616-25112023-saison14-Doctor-Who-(2005).html
My Demon,2,1,Etats-Unis,Netflix,25-11-2023,episode02-411687-25112023-saison1-My-Demon.html
Beacon 23,3,1,Etats-Unis,Epix,26-11-2023,episode03-411640-26112023-saison1-Beacon-23.html
Rick and Morty,7,7,Etats-Unis,Adult Swim,26-11-2023,episode07-411275-26112023-saison7-Rick-and-Morty.html
The Gilded Age,5,2,Etats-Unis,HBO,26-11-2023,episode05-411249-26112023-saison2-The-Gilded-Age.html
Acting Good,7,2,Canada,The Comedy Network,27-11-2023,episode07-411302-27112023-saison2-Acting-Good.html
American Dad!,19,19,Etats-Unis,TBS (US),27-11-2023,episode19-411623-27112023-saison19-American-Dad.html
The Irrational,10,1,Etats-Unis,NBC,27-11-2023,episode10-409869-27112023-saison1-The-Irrational.html
A Murder at the End of the World,4,1,Etats-Unis,Hulu,28-11-2023,episode04-407980-28112023-saison1-A-Murder-at-the-End-of-the-World.html
Fargo,3,5,Etats-Unis,FX,28-11-2023,episode03-411344-28112023-saison5-Fargo.html
Found,9,1,Etats-Unis,NBC,28-11-2023,episode09-409900-28112023-saison1-Found.html
Black Cake,7,1,Etats-Unis,Hulu,29-11-2023,episode07-410153-29112023-saison1-Black-Cake.html
Magnum P.I. (2018),19,5,Etats-Unis,NBC,29-11-2023,episode19-410799-29112023-saison5-Magnum-PI-(2018).html
Quantum Leap (2022),9,2,Etats-Unis,NBC,29-11-2023,episode09-411315-29112023-saison2-Quantum-Leap-(2022).html
SurrealEstate,9,2,Etats-Unis,Syfy,29-11-2023,episode09-411103-29112023-saison2-SurrealEstate.html
The Artful Dodger,1,1,Etats-Unis,Disney+,29-11-2023,episode01-411104-29112023-saison1-The-Artful-Dodger.html
The Buccaneers (2023),6,1,Etats-Unis,Apple TV+,29-11-2023,episode06-409072-29112023-saison1-The-Buccaneers-(2023).html
The Santa Clauses,5,2,Etats-Unis,Disney+,29-11-2023,episode05-410602-29112023-saison2-The-Santa-Clauses.html
Family Law (CAN),1,3,Canada,Global,30-11-2023,episode01-410524-30112023-saison3-Family-Law-(CAN).html
Family Law (CAN),2,3,Canada,Global,30-11-2023,episode02-410525-30112023-saison3-Family-Law-(CAN).html
Family Law (CAN),3,3,Canada,Global,30-11-2023,episode03-410526-30112023-saison3-Family-Law-(CAN).html
Family Law (CAN),4,3,Canada,Global,30-11-2023,episode04-410527-30112023-saison3-Family-Law-(CAN).html
Family Law (CAN),5,3,Canada,Global,30-11-2023,episode05-410528-30112023-saison3-Family-Law-(CAN).html
Family Law (CAN),6,3,Canada,Global,30-11-2023,episode06-410529-30112023-saison3-Family-Law-(CAN).html
Family Law (CAN),7,3,Canada,Global,30-11-2023,episode07-410530-30112023-saison3-Family-Law-(CAN).html
Family Law (CAN),8,3,Canada,Global,30-11-2023,episode08-410531-30112023-saison3-Family-Law-(CAN).html
Family Law (CAN),9,3,Canada,Global,30-11-2023,episode09-410532-30112023-saison3-Family-Law-(CAN).html
Family Law (CAN),10,3,Canada,Global,30-11-2023,episode10-410533-30112023-saison3-Family-Law-(CAN).html
Frasier (2023),9,1,Etats-Unis,Paramount+,30-11-2023,episode09-409731-30112023-saison1-Frasier-(2023).html
Julia (2022),5,2,Etats-Unis,HBO Max,30-11-2023,episode05-410540-30112023-saison2-Julia-(2022).html
Obliterated,1,1,Etats-Unis,Netflix,30-11-2023,episode01-409739-30112023-saison1-Obliterated.html
Obliterated,2,1,Etats-Unis,Netflix,30-11-2023,episode02-409740-30112023-saison1-Obliterated.html
Obliterated,3,1,Etats-Unis,Netflix,30-11-2023,episode03-409741-30112023-saison1-Obliterated.html
Obliterated,4,1,Etats-Unis,Netflix,30-11-2023,episode04-409742-30112023-saison1-Obliterated.html
Obliterated,5,1,Etats-Unis,Netflix,30-11-2023,episode05-409743-30112023-saison1-Obliterated.html
Obliterated,6,1,Etats-Unis,Netflix,30-11-2023,episode06-409744-30112023-saison1-Obliterated.html
Obliterated,7,1,Etats-Unis,Netflix,30-11-2023,episode07-409745-30112023-saison1-Obliterated.html
Obliterated,8,1,Etats-Unis,Netflix,30-11-2023,episode08-409746-30112023-saison1-Obliterated.html
Rap Sh!t,5,2,Etats-Unis,HBO Max,30-11-2023,episode05-408171-30112023-saison2-Rap-Sht.html
Virgin River,11,5,Etats-Unis,Netflix,30-11-2023,episode11-411788-30112023-saison5-Virgin-River.html
Virgin River,12,5,Etats-Unis,Netflix,30-11-2023,episode12-411789-30112023-saison5-Virgin-River.html
